com_name,exp_req,jd,job_title,keyskills,link,loc,salary
,,,,,,,
Cargill Business Services India Private Limited,4-6 yrs,"4+ years practical experience with SAS, ETL, data processing and data analytics;2- 4 Years of experience ...",Data Analytics Manager,"Data Analysis, Predictive Modeling, Data Mining, SAS, Data Analytics...",,Gurgaon,  Not disclosed 
WSNE Consulting Pvt Ltd,3-8 yrs,"Experience -3 to 8 years of post-qualification experience including data analytics, data mining, dash ...",Urgent Hiring - Data Analytics in BIG 4 MNC at Gurgaon (delhi).,"Data Analytics, Data Mining, Tableau, Power Bi, Reporting, Finance, Risk...","https://www.naukri.com/recruiters/profile/ashishkumar-3049728?xz=0_0_7,https://www.naukri.com/recruiters/profile/ashishkumar-3049728?xz=0_0_7","Delhi NCR, Gurgaon",  Not disclosed 
Nupeak IT Solutions,6-10 yrs,"Typically requires a minimum of 5-7 years experience analyzing data and/or teaching, including at least ...",Sr. SAS Data Analytics Consultant,"sas stat, text mining, base sas, data analysis, statistics, analytics...","https://www.naukri.com/recruiters/profile/hr-2441652?xz=0_0_7,https://www.naukri.com/recruiters/profile/hr-2441652?xz=0_0_7","Mumbai, Delhi, Jaipur",  Not disclosed 
WSNE Consulting Pvt Ltd,5-10 yrs,,Hiring for Big 4 for IA Data Analytics Profile,"Data Analytics, Internal Audit, auditing, Reporting, DA","https://www.naukri.com/recruiters/profile/sheenusharma-3758832?xz=0_0_7,https://www.naukri.com/recruiters/profile/sheenusharma-3758832?xz=0_0_7","Delhi NCR, Gurgaon","    5,00,000 - 13,00,000 P.A.  "
Experteye Consulting,5-9 yrs,,Lead Data Analytics ( Female ) - GGN ( Afternoon Shift with CAB ),"Logistic Regression, Linear Regression, SAS, Factor Analysis...","https://www.naukri.com/recruiters/profile/sunilkumarsingh?xz=0_0_7,https://www.naukri.com/recruiters/profile/sunilkumarsingh?xz=0_0_7",Delhi NCR,"    8,50,000 - 15,00,000 P.A.  "
Not Mentioned,0-3 yrs,Candidates may have the opportunity to work out of their home so this job may be ideal for someone who ...,Data Analytics Consultant: Virtual,"Logistic Regression, Statistical Modeling, SAS SQL, Time Series, Excel...",,"Delhi NCR, Jaipur, Jodhpur","    1,50,000 - 3,50,000 P.A. Salary commensurate with exper...  "
Protiviti,3-4 yrs,"- Working jointly with our solution architects and business consultants, the Senior Consultant will be ...",Consultant - Data Analytics - Machine Learning,"SQL, Business Intelligence, Data Analytics, R, Data Warehousing...",,"Bengaluru, Delhi NCR",  Not disclosed 
Nacre Outsourcing,6-10 yrs,- Should be able to understand business needs and apply analytical concepts to generate actionable ...,Big Data Analytics Role - Insurance Domain - BFS,"Hadoop, Hive, Hdfs, Impala, Mapreduce, Spark, Big Data Analytics, R...",,Gurgaon,  Not disclosed 
Protiviti,3-4 yrs,"- Working jointly with our solution architects and business consultants, the Senior Consultant will be ...",Consultant - Data Analytics - Machine Learning,"SQL, Business Intelligence, R, Business Development, Data Analytics...","https://www.naukri.com/recruiters/profile/praneshsinha-1942258?xz=0_0_7,https://www.naukri.com/recruiters/profile/praneshsinha-1942258?xz=0_0_7","Bengaluru, Delhi NCR",  Not disclosed 
Ameriprise,7-8 yrs,&bull; Experience of minimum 3 years in SAS is mandate;&bull; Experience of minimum 3 years in ...,Leader - Data Analytics,"Leader - Data Analytics, Analyst",,Gurgaon,  Not disclosed 
HuQuo,3-8 yrs,"- Strong SAS at least 3 years of experience in SAS, VBA, and SQL (Mandatory);- Should have analytical ...",Senior Business Analyst - SAS Data - Analytics Firm,"sql, business analysis, data analytics, data mining, sas, vba, regression...","https://www.naukri.com/recruiters/profile/arpanam-2685194?xz=0_0_7,https://www.naukri.com/recruiters/profile/arpanam-2685194?xz=0_0_7","Delhi NCR, Gurgaon",  Not disclosed 
Huquo Consulting Pvt. Ltd,5-10 yrs,- Extensive experience using Big Data technologies (4-12 years) to analyze and solve business problems ...,Manager/senior Manager - Big Data Analytics - Banking Domain,"sql, hive, spark, big data analytics, tableau, data analysis...","https://www.naukri.com/recruiters/profile/rukhsarjawed-3809784?xz=0_0_7,https://www.naukri.com/recruiters/profile/rukhsarjawed-3809784?xz=0_0_7",Gurgaon,  Not disclosed 
Cargill Business Services India Private Limited,5-10 yrs,"5+ years practical experience with SAS, ETL, data processing and data analytics;5- 10 Years of ...",Manager - Data & Analytics,"data analytics, data analysis, training needs, business generation, sas...",,Gurgaon,  Not disclosed 
Nacre Outsourcing,6-10 yrs,- Should be able to understand business needs and apply analytical concepts to generate actionable ...,Big Data Analytics Role - Insurance Domain - BFS,"Hadoop, Hive, Hdfs, Impala, Mapreduce, Spark, Big Data Analytics, R...",,Gurgaon,  Not disclosed 
G-Cube Webwide Software Pvt. Ltd.,8-12 yrs,,Product Specialist,"R, Data Analytics, Machine Learning, Distribution System...","https://www.naukri.com/recruiters/profile/priyankalata-1321976?xz=0_0_7,https://www.naukri.com/recruiters/profile/priyankalata-1321976?xz=0_0_7",Noida,"    15,00,000 - 18,00,000 P.A.  "
EYGBS (INDIA) LLP,6-9 yrs,Experience in managing multiple concurrent initiatives from multiple regions or clients;Self-driven and ...,Assurance Data Analytics - Senior,"Data Analytics, Process Improvement, business analytics, Excel, SPSS, SAS",,Gurgaon,  Not disclosed 
SS Supply Chain Solutions Pvt Ltd,3-7 yrs,"- Should have sound knowledge and experience in Time series, Linear Regression, Splines, Decision trees, ...",Data Scientist - Analytics,"C++, Python, Java, Algorithms, Neural Networks, Machine Learning, SCALA...","https://www.naukri.com/recruiters/profile/ruchidikshit-3528864?xz=0_0_7,https://www.naukri.com/recruiters/profile/ruchidikshit-3528864?xz=0_0_7","Gurgaon, Pune",  Not disclosed 
Taazaa Inc.,3-5 yrs,"Manage end to end analytics projects including business requirement analysis, define scope, solution ...","Python Developer-big Data Analytics, Taazaa Inc., Sector 63, Noida","Python Developer, Big Data, Analytics, Hadoop, SQL, Excel, R, JSON, SPSS...",,"Delhi, Noida",  Not disclosed 
Yoda Learning Solutions,3-7 yrs,Should be capable to deliver training modules to both L1 & L2 type of audiences. ;Should have a good ...,Data Analytics Trainer for Corporate Training Institute,"Alteryx, Corporate Training, Data Analytics, Business Intelligence...","https://www.naukri.com/recruiters/profile/rishabhbhandari-3807894?xz=0_0_7,https://www.naukri.com/recruiters/profile/rishabhbhandari-3807894?xz=0_0_7",Delhi NCR,"    6,00,000 - 10,00,000 P.A.  "
NEC Technologies India Pvt Ltd,3-5 yrs,- Should have extensive advanced knowledge of MS Power Point/ Excels;Job Experience: 3 to 4 years ...,Data Analyst - Managed Services,"data quality, ms office powerpoint, data analytics, data collection...",,Noida,  Not disclosed 
ANRI SOLUTIONS HR SERVICES PVT LTD,1-6 yrs,"Demonstrable previous experience (project, studies or certifications) in one or more following areas: ...",Data Analytics - R/ R-studio/ Python Programmer for Noida,"Data Analytics, R, Statistical Modelling, Predictive modelling, Python...",,Noida,  Not disclosed 
Talentex Services Pvt Ltd.,7-12 yrs,"The person should be able to liaise with clients, manage elaborate dialogues with them and be able to ...",Manager / Sr. Manager / AVP - Big Data Analytics,"Big Data Analytics, Big Data, Big Data Engineer, Big Data Consultant...","https://www.naukri.com/recruiters/profile/deeptikhetarpal-3176?xz=0_0_7,https://www.naukri.com/recruiters/profile/deeptikhetarpal-3176?xz=0_0_7",Gurgaon,"    15,00,000 - 30,00,000 P.A.  "
HR SYNERGY,8-11 yrs,- Flexible to work in different time zones and travel as required;- Proficient in using statistical ...,Assistant Manager - Data Analytics - Big4,"SQL, Excel, Javascript, XML, SAS, SPSS, Data Analytics, People Skills...",,"Gurgaon, Kerala",  Not disclosed 
HuQuo,2-5 yrs,- 2-5 years of total experience of Data Analytics / Data Insights Generation;- Experience in credit card ...,Business Analyst/senior Business Analyst - Data Analytics- BFSI Domain,"Business Analysis, Excel, Data Analytics, SAS, VBA, Problem Solving...","https://www.naukri.com/recruiters/profile/arpanam-2685194?xz=0_0_7,https://www.naukri.com/recruiters/profile/arpanam-2685194?xz=0_0_7","Delhi NCR, Bengaluru, Gurgaon",  Not disclosed 
HR SYNERGY,5-10 yrs,Experience in managing multiple concurrent initiatives from multiple regions or clients;Self-driven and ...,Senior Associate Data Analytics - Big4,"auditing, data analytics, process improvement, Analytics, SQL, SSIS, SSRS...",,"Gurgaon, Trivandrum",  Not disclosed 
Vikalp India Pvt. Ltd.,0-2 yrs,3.Drafting and sending e-mails to the clients as per their needs and requirement;Now youre ready to use ...,Client Service Executive,"sales, client servicing, client relationship, lead generation executive...",,Delhi NCR,"    1,50,000 - 4,00,000 P.A.  "
Contactx Resource Management,5-10 yrs,"Experience in any web-framework, micro services, REST APIs, highly scalable databases;Hands on ...",Senior Software Engineer,"c, c++, software engineering, python, product design, programming...",,Delhi,  Not disclosed 
Pinnacle Solutions,6-11 yrs,- Strong team handling skills - experience in handling a large multi-tiered team;- Detail orientation ...,Head - B2B Sales - Sme/msme - NBFC,"b2b sales, team management, team handling, performance management...","https://www.naukri.com/recruiters/profile/pinnaclesolutions-1255108?xz=0_0_7,https://www.naukri.com/recruiters/profile/pinnaclesolutions-1255108?xz=0_0_7","Gurgaon, Mumbai",  Not disclosed 
Next Step Services Private Limited,3-5 yrs,"Hands-on experience in model building - logistic, liner regression, time series & behavior ...",Data Analytics/data Miner US Healthcare Domain/ UK Shift,"Advanced Excel, Data Analysis, Time Series, Data Mining, SAS...","https://www.naukri.com/recruiters/profile/meghanagari-261117?xz=0_0_7,https://www.naukri.com/recruiters/profile/meghanagari-261117?xz=0_0_7",Gurgaon,  Not disclosed 
HuQuo Consulting Pvt. Ltd.,2-5 yrs,- 2-5 years of total experience of Data Analytics / Data Insights Generation;- Experience in credit card ...,Business Analyst/senior Business Analyst - Data Analytics - BFSI,"Business Analyst, Data Analytics, Analytics, Data Insights Generation, SAS,...","https://www.naukri.com/recruiters/profile/manoj-2685128?xz=0_0_7,https://www.naukri.com/recruiters/profile/manoj-2685128?xz=0_0_7",Delhi NCR,  Not disclosed 
Indian Institute of Technology Delhi,10-15 yrs,,Professor - Data Analytics and Data Sciences,,,Delhi,    Pay Scale: Pay Band : Rs.37400-67000(minimum pay of Rs....  
Indian Institute of Technology Delhi,3-5 yrs,,Assistant Professor (Grade I) - Data Analytics And Data Sciences,,,Delhi,    Pay Level 12 (Rs.101500-167400) with minimum Pay of Rs....  
CLARITY CONSULTING,4-8 yrs,"Must Have experience : SAS,SSIS,VBA TOOLS,Tableau,R,Python, ...",Senior Data Analytics,"Tableau, R, Data Analytics, SAS, VBA","https://www.naukri.com/recruiters/profile/gargiverma-3681134?xz=0_0_7,https://www.naukri.com/recruiters/profile/gargiverma-3681134?xz=0_0_7",Gurgaon(Sector-24 Gurgaon),"    7,00,000 - 13,00,000 P.A.  "
Naukri Premium - Employer Services,13-23 yrs,Bachelors degree with at least 10 years of experience in IT Auditing and 5+ years of experience in Data ...,Sr. Director - IT Audit and Data Analytics,"Cisa, Auditing, Information Security, IT Audit, Internal Audit...",,Delhi NCR,  Not disclosed 
Great Learning-Startup,1-3 yrs,1+ years of hands-on experience in the below functional skills: ...,Data Science Analyst,"data science, data analytics, statistical analysis, tableau, data modeling,...",,Gurgaon,  Not disclosed 
Destination HR,10-20 yrs,,Vice President (V) - Data Analytics,"data analytics, data modeling, data mining, data extraction, senior analyst...","https://www.naukri.com/recruiters/profile/veerraghuwanshi-3690166?xz=0_0_7,https://www.naukri.com/recruiters/profile/veerraghuwanshi-3690166?xz=0_0_7","Mumbai, Delhi NCR, Bengaluru",  Not disclosed 
,,,,,,,
,,,,,,,
CLARITY CONSULTING,4-8 yrs,Primary Responsibilities:  Analyze large volume of data and define clear strategy in analytical work ...,Senior Data Analytics,"data analytics, SAS, SSIS","https://www.naukri.com/recruiters/profile/sapnachaturvedi-3433588?xz=0_0_7,https://www.naukri.com/recruiters/profile/sapnachaturvedi-3433588?xz=0_0_7",Gurgaon,  Not disclosed 
Next Step Services Private Limited,9-13 yrs,Candidates should have Banking and Insurance ...,Data Analytics - Gurgaon,"Predictive Modeling, statistical modeling, Machine Learning, Analytics","https://www.naukri.com/recruiters/profile/meghanagari-261117?xz=0_0_7,https://www.naukri.com/recruiters/profile/meghanagari-261117?xz=0_0_7",Gurgaon,  Not disclosed 
R Systems International Ltd.,13-18 yrs,Experience of handling high frequency streaming data for real time analysis and reporting;Experience ...,Lead Data Scientist,"data analytics, predictive modeling, python, r programming...","https://www.naukri.com/recruiters/profile/pawanmehta-163669?xz=0_0_7,https://www.naukri.com/recruiters/profile/pawanmehta-163669?xz=0_0_7",Noida,  Not disclosed 
Bean HR Consulting,5-10 yrs,Good planning and organizational skills;Should have good presentation/ display skills;Good communication ...,Manager CRM || Gurgaon,"business intelligence, data analytics, CRM, Planning",,Delhi NCR,  Not disclosed 
Live connections,2-6 yrs,,Immediate Job Opening for Data Analytics @ MNC,"data analytics, sql, R, PYTHON, Machine Learning",,"Bengaluru, Hyderabad, Mumbai, Delhi NCR","    1,25,000 - 6,25,000 P.A.  "
NIKOS CONSULTING PRIVATE LIMITED,8-11 yrs,"- 8-11 years in quantitative analysis experience, including building AI/ML models;- Front end client ...",Manager - Human Capital Analytics/ Talent Analytics - Consulting Firm,"NLP, Neural Networks, Machine Learning, Data Mining...","https://www.naukri.com/recruiters/profile/roopshreepandey-1110587?xz=0_0_7,https://www.naukri.com/recruiters/profile/roopshreepandey-1110587?xz=0_0_7","Bengaluru, Gurgaon, Gurugram",  Not disclosed 
Nacre Outsourcing,5-10 yrs,- Proven working experience as a data analyst or business data analyst;- Knowledge of statistics and ...,SAS Model Developer - Analytics Consulting Firm,"Excel, SQL, Data Analysis, Segmentation, SAS, Data Mining, SPSS...",,"Gurgaon, Noida",  Not disclosed 
SLA Consultants India,0-5 yrs,,"Data Analyst / Data Science - Excel,sql,sas,python, R - Analytics Team","data analyst, reporting analyst, sas, statistics, sas programmer...","https://www.naukri.com/recruiters/profile/bhanu-1128669?xz=0_0_7,https://www.naukri.com/recruiters/profile/bhanu-1128669?xz=0_0_7","Delhi NCR, Gurgaon, Noida","    2,00,000 - 4,25,000 P.A.  "
Premium,8-10 yrs,- You should be able to build a custom Function Module with medium complexity program logic;- As a ...,Hadoop/big Data Consultant - Splunk,"Data Analytics, Big Data, Analytics, Analytics Big Data",,"Delhi NCR, Noida",  Not disclosed 
RailYatri-Startup,3-6 yrs,"Must Have Tools : R, MySQL, ExcelGood to Have Tools : Python, MongoDB, Apache SparkWork Experience : 3-6 ...",Senior Data Scientist - Iit/nit/iim/isb,"R, Python, Data Science, MySQL, MongoDB, SQL, Apache, Data Analytics...",,Noida,  Not disclosed 
"OYO Rooms, Oravel Stays Private Limited",1-6 yrs,  Data collection mechanisms and hygiene  Creating and maintaining dashboards for ...,Analyst,"Data Collection, Process Implementation, Business Generation...","https://www.naukri.com/recruiters/profile/pratibhajangir-3834852?xz=0_0_7,https://www.naukri.com/recruiters/profile/pratibhajangir-3834852?xz=0_0_7",Gurgaon,  Not disclosed 
AIRSEVA INDIA PVT LTD,5-8 yrs, 8 + years top tier analyst or consulting experience in business intelligence or analytics ...,Business Analyst (contractual Role),"Big Data Analytics, Data Science, Macros, VBA, Data Quality, Charts...","https://www.naukri.com/recruiters/profile/uttirnagogia-3793366?xz=0_0_7,https://www.naukri.com/recruiters/profile/uttirnagogia-3793366?xz=0_0_7",Gurgaon,  Not disclosed 
Adaan Digital Solutions Pvt. Ltd.,0-3 yrs,"All the customer e-mails, calls and complaints must be addressed in a timely and effective manner;The ...",Post Sales/ Customer Success Executive,"Outbound, Inbound, Marketing, Advertising, Post Sales, Communication Skills...","https://www.naukri.com/recruiters/profile/SumitaArora-COO?xz=0_0_7,https://www.naukri.com/recruiters/profile/SumitaArora-COO?xz=0_0_7",Delhi NCR,"    1,00,000 - 3,50,000 P.A.  "
Kronos Solutions India Pvt. Ltd.,8-12 yrs,"You should have prior experience recruiting across levels within a multidisciplinary environment;Ideally, ...",Senior Recruiter,"Recruitment, Talent acquisition, Healthcare, Human capital management...",,Noida,  Not disclosed 
,,,,,,,
Cargill Business Services India Private Limited,4-6 yrs,"4+ years practical experience with SAS, ETL, data processing and data analytics;2- 4 Years of experience ...",Data Analytics Manager,"Data Analysis, Predictive Modeling, Data Mining, SAS, Data Analytics...",,Gurgaon,  Not disclosed 
WSNE Consulting Pvt Ltd,3-8 yrs,"Experience -3 to 8 years of post-qualification experience including data analytics, data mining, dash ...",Urgent Hiring - Data Analytics in BIG 4 MNC at Gurgaon (delhi).,"Data Analytics, Data Mining, Tableau, Power Bi, Reporting, Finance, Risk...","https://www.naukri.com/recruiters/profile/ashishkumar-3049728?xz=0_0_7,https://www.naukri.com/recruiters/profile/ashishkumar-3049728?xz=0_0_7","Delhi NCR, Gurgaon",  Not disclosed 
Nupeak IT Solutions,6-10 yrs,"Typically requires a minimum of 5-7 years experience analyzing data and/or teaching, including at least ...",Sr. SAS Data Analytics Consultant,"sas stat, text mining, base sas, data analysis, statistics, analytics...","https://www.naukri.com/recruiters/profile/hr-2441652?xz=0_0_7,https://www.naukri.com/recruiters/profile/hr-2441652?xz=0_0_7","Mumbai, Delhi, Jaipur",  Not disclosed 
WSNE Consulting Pvt Ltd,5-10 yrs,,Hiring for Big 4 for IA Data Analytics Profile,"Data Analytics, Internal Audit, auditing, Reporting, DA","https://www.naukri.com/recruiters/profile/sheenusharma-3758832?xz=0_0_7,https://www.naukri.com/recruiters/profile/sheenusharma-3758832?xz=0_0_7","Delhi NCR, Gurgaon","    5,00,000 - 13,00,000 P.A.  "
Experteye Consulting,5-9 yrs,,Lead Data Analytics ( Female ) - GGN ( Afternoon Shift with CAB ),"Logistic Regression, Linear Regression, SAS, Factor Analysis...","https://www.naukri.com/recruiters/profile/sunilkumarsingh?xz=0_0_7,https://www.naukri.com/recruiters/profile/sunilkumarsingh?xz=0_0_7",Delhi NCR,"    8,50,000 - 15,00,000 P.A.  "
Not Mentioned,0-3 yrs,Candidates may have the opportunity to work out of their home so this job may be ideal for someone who ...,Data Analytics Consultant: Virtual,"Logistic Regression, Statistical Modeling, SAS SQL, Time Series, Excel...",,"Delhi NCR, Jaipur, Jodhpur","    1,50,000 - 3,50,000 P.A. Salary commensurate with exper...  "
Protiviti,3-4 yrs,"- Working jointly with our solution architects and business consultants, the Senior Consultant will be ...",Consultant - Data Analytics - Machine Learning,"SQL, Business Intelligence, Data Analytics, R, Data Warehousing...",,"Bengaluru, Delhi NCR",  Not disclosed 
Nacre Outsourcing,6-10 yrs,- Should be able to understand business needs and apply analytical concepts to generate actionable ...,Big Data Analytics Role - Insurance Domain - BFS,"Hadoop, Hive, Hdfs, Impala, Mapreduce, Spark, Big Data Analytics, R...",,Gurgaon,  Not disclosed 
Protiviti,3-4 yrs,"- Working jointly with our solution architects and business consultants, the Senior Consultant will be ...",Consultant - Data Analytics - Machine Learning,"SQL, Business Intelligence, R, Business Development, Data Analytics...","https://www.naukri.com/recruiters/profile/praneshsinha-1942258?xz=0_0_7,https://www.naukri.com/recruiters/profile/praneshsinha-1942258?xz=0_0_7","Bengaluru, Delhi NCR",  Not disclosed 
Ameriprise,7-8 yrs,&bull; Experience of minimum 3 years in SAS is mandate;&bull; Experience of minimum 3 years in ...,Leader - Data Analytics,"Leader - Data Analytics, Analyst",,Gurgaon,  Not disclosed 
HuQuo,3-8 yrs,"- Strong SAS at least 3 years of experience in SAS, VBA, and SQL (Mandatory);- Should have analytical ...",Senior Business Analyst - SAS Data - Analytics Firm,"sql, business analysis, data analytics, data mining, sas, vba, regression...","https://www.naukri.com/recruiters/profile/arpanam-2685194?xz=0_0_7,https://www.naukri.com/recruiters/profile/arpanam-2685194?xz=0_0_7","Delhi NCR, Gurgaon",  Not disclosed 
Huquo Consulting Pvt. Ltd,5-10 yrs,- Extensive experience using Big Data technologies (4-12 years) to analyze and solve business problems ...,Manager/senior Manager - Big Data Analytics - Banking Domain,"sql, hive, spark, big data analytics, tableau, data analysis...","https://www.naukri.com/recruiters/profile/rukhsarjawed-3809784?xz=0_0_7,https://www.naukri.com/recruiters/profile/rukhsarjawed-3809784?xz=0_0_7",Gurgaon,  Not disclosed 
Cargill Business Services India Private Limited,5-10 yrs,"5+ years practical experience with SAS, ETL, data processing and data analytics;5- 10 Years of ...",Manager - Data & Analytics,"data analytics, data analysis, training needs, business generation, sas...",,Gurgaon,  Not disclosed 
Nacre Outsourcing,6-10 yrs,- Should be able to understand business needs and apply analytical concepts to generate actionable ...,Big Data Analytics Role - Insurance Domain - BFS,"Hadoop, Hive, Hdfs, Impala, Mapreduce, Spark, Big Data Analytics, R...",,Gurgaon,  Not disclosed 
G-Cube Webwide Software Pvt. Ltd.,8-12 yrs,,Product Specialist,"R, Data Analytics, Machine Learning, Distribution System...","https://www.naukri.com/recruiters/profile/priyankalata-1321976?xz=0_0_7,https://www.naukri.com/recruiters/profile/priyankalata-1321976?xz=0_0_7",Noida,"    15,00,000 - 18,00,000 P.A.  "
EYGBS (INDIA) LLP,6-9 yrs,Experience in managing multiple concurrent initiatives from multiple regions or clients;Self-driven and ...,Assurance Data Analytics - Senior,"Data Analytics, Process Improvement, business analytics, Excel, SPSS, SAS",,Gurgaon,  Not disclosed 
SS Supply Chain Solutions Pvt Ltd,3-7 yrs,"- Should have sound knowledge and experience in Time series, Linear Regression, Splines, Decision trees, ...",Data Scientist - Analytics,"C++, Python, Java, Algorithms, Neural Networks, Machine Learning, SCALA...","https://www.naukri.com/recruiters/profile/ruchidikshit-3528864?xz=0_0_7,https://www.naukri.com/recruiters/profile/ruchidikshit-3528864?xz=0_0_7","Gurgaon, Pune",  Not disclosed 
Taazaa Inc.,3-5 yrs,"Manage end to end analytics projects including business requirement analysis, define scope, solution ...","Python Developer-big Data Analytics, Taazaa Inc., Sector 63, Noida","Python Developer, Big Data, Analytics, Hadoop, SQL, Excel, R, JSON, SPSS...",,"Delhi, Noida",  Not disclosed 
Yoda Learning Solutions,3-7 yrs,Should be capable to deliver training modules to both L1 & L2 type of audiences. ;Should have a good ...,Data Analytics Trainer for Corporate Training Institute,"Alteryx, Corporate Training, Data Analytics, Business Intelligence...","https://www.naukri.com/recruiters/profile/rishabhbhandari-3807894?xz=0_0_7,https://www.naukri.com/recruiters/profile/rishabhbhandari-3807894?xz=0_0_7",Delhi NCR,"    6,00,000 - 10,00,000 P.A.  "
NEC Technologies India Pvt Ltd,3-5 yrs,- Should have extensive advanced knowledge of MS Power Point/ Excels;Job Experience: 3 to 4 years ...,Data Analyst - Managed Services,"data quality, ms office powerpoint, data analytics, data collection...",,Noida,  Not disclosed 
ANRI SOLUTIONS HR SERVICES PVT LTD,1-6 yrs,"Demonstrable previous experience (project, studies or certifications) in one or more following areas: ...",Data Analytics - R/ R-studio/ Python Programmer for Noida,"Data Analytics, R, Statistical Modelling, Predictive modelling, Python...",,Noida,  Not disclosed 
Talentex Services Pvt Ltd.,7-12 yrs,"The person should be able to liaise with clients, manage elaborate dialogues with them and be able to ...",Manager / Sr. Manager / AVP - Big Data Analytics,"Big Data Analytics, Big Data, Big Data Engineer, Big Data Consultant...","https://www.naukri.com/recruiters/profile/deeptikhetarpal-3176?xz=0_0_7,https://www.naukri.com/recruiters/profile/deeptikhetarpal-3176?xz=0_0_7",Gurgaon,"    15,00,000 - 30,00,000 P.A.  "
HR SYNERGY,8-11 yrs,- Flexible to work in different time zones and travel as required;- Proficient in using statistical ...,Assistant Manager - Data Analytics - Big4,"SQL, Excel, Javascript, XML, SAS, SPSS, Data Analytics, People Skills...",,"Gurgaon, Kerala",  Not disclosed 
HuQuo,2-5 yrs,- 2-5 years of total experience of Data Analytics / Data Insights Generation;- Experience in credit card ...,Business Analyst/senior Business Analyst - Data Analytics- BFSI Domain,"Business Analysis, Excel, Data Analytics, SAS, VBA, Problem Solving...","https://www.naukri.com/recruiters/profile/arpanam-2685194?xz=0_0_7,https://www.naukri.com/recruiters/profile/arpanam-2685194?xz=0_0_7","Delhi NCR, Bengaluru, Gurgaon",  Not disclosed 
HR SYNERGY,5-10 yrs,Experience in managing multiple concurrent initiatives from multiple regions or clients;Self-driven and ...,Senior Associate Data Analytics - Big4,"auditing, data analytics, process improvement, Analytics, SQL, SSIS, SSRS...",,"Gurgaon, Trivandrum",  Not disclosed 
Vikalp India Pvt. Ltd.,0-2 yrs,3.Drafting and sending e-mails to the clients as per their needs and requirement;Now youre ready to use ...,Client Service Executive,"sales, client servicing, client relationship, lead generation executive...",,Delhi NCR,"    1,50,000 - 4,00,000 P.A.  "
Contactx Resource Management,5-10 yrs,"Experience in any web-framework, micro services, REST APIs, highly scalable databases;Hands on ...",Senior Software Engineer,"c, c++, software engineering, python, product design, programming...",,Delhi,  Not disclosed 
Pinnacle Solutions,6-11 yrs,- Strong team handling skills - experience in handling a large multi-tiered team;- Detail orientation ...,Head - B2B Sales - Sme/msme - NBFC,"b2b sales, team management, team handling, performance management...","https://www.naukri.com/recruiters/profile/pinnaclesolutions-1255108?xz=0_0_7,https://www.naukri.com/recruiters/profile/pinnaclesolutions-1255108?xz=0_0_7","Gurgaon, Mumbai",  Not disclosed 
Next Step Services Private Limited,3-5 yrs,"Hands-on experience in model building - logistic, liner regression, time series & behavior ...",Data Analytics/data Miner US Healthcare Domain/ UK Shift,"Advanced Excel, Data Analysis, Time Series, Data Mining, SAS...","https://www.naukri.com/recruiters/profile/meghanagari-261117?xz=0_0_7,https://www.naukri.com/recruiters/profile/meghanagari-261117?xz=0_0_7",Gurgaon,  Not disclosed 
HuQuo Consulting Pvt. Ltd.,2-5 yrs,- 2-5 years of total experience of Data Analytics / Data Insights Generation;- Experience in credit card ...,Business Analyst/senior Business Analyst - Data Analytics - BFSI,"Business Analyst, Data Analytics, Analytics, Data Insights Generation, SAS,...","https://www.naukri.com/recruiters/profile/manoj-2685128?xz=0_0_7,https://www.naukri.com/recruiters/profile/manoj-2685128?xz=0_0_7",Delhi NCR,  Not disclosed 
Indian Institute of Technology Delhi,10-15 yrs,,Professor - Data Analytics and Data Sciences,,,Delhi,    Pay Scale: Pay Band : Rs.37400-67000(minimum pay of Rs....  
Indian Institute of Technology Delhi,3-5 yrs,,Assistant Professor (Grade I) - Data Analytics And Data Sciences,,,Delhi,    Pay Level 12 (Rs.101500-167400) with minimum Pay of Rs....  
CLARITY CONSULTING,4-8 yrs,"Must Have experience : SAS,SSIS,VBA TOOLS,Tableau,R,Python, ...",Senior Data Analytics,"Tableau, R, Data Analytics, SAS, VBA","https://www.naukri.com/recruiters/profile/gargiverma-3681134?xz=0_0_7,https://www.naukri.com/recruiters/profile/gargiverma-3681134?xz=0_0_7",Gurgaon(Sector-24 Gurgaon),"    7,00,000 - 13,00,000 P.A.  "
Naukri Premium - Employer Services,13-23 yrs,Bachelors degree with at least 10 years of experience in IT Auditing and 5+ years of experience in Data ...,Sr. Director - IT Audit and Data Analytics,"Cisa, Auditing, Information Security, IT Audit, Internal Audit...",,Delhi NCR,  Not disclosed 
Great Learning-Startup,1-3 yrs,1+ years of hands-on experience in the below functional skills: ...,Data Science Analyst,"data science, data analytics, statistical analysis, tableau, data modeling,...",,Gurgaon,  Not disclosed 
Destination HR,10-20 yrs,,Vice President (V) - Data Analytics,"data analytics, data modeling, data mining, data extraction, senior analyst...","https://www.naukri.com/recruiters/profile/veerraghuwanshi-3690166?xz=0_0_7,https://www.naukri.com/recruiters/profile/veerraghuwanshi-3690166?xz=0_0_7","Mumbai, Delhi NCR, Bengaluru",  Not disclosed 
,,,,,,,
,,,,,,,
CLARITY CONSULTING,4-8 yrs,Primary Responsibilities:  Analyze large volume of data and define clear strategy in analytical work ...,Senior Data Analytics,"data analytics, SAS, SSIS","https://www.naukri.com/recruiters/profile/sapnachaturvedi-3433588?xz=0_0_7,https://www.naukri.com/recruiters/profile/sapnachaturvedi-3433588?xz=0_0_7",Gurgaon,  Not disclosed 
Next Step Services Private Limited,9-13 yrs,Candidates should have Banking and Insurance ...,Data Analytics - Gurgaon,"Predictive Modeling, statistical modeling, Machine Learning, Analytics","https://www.naukri.com/recruiters/profile/meghanagari-261117?xz=0_0_7,https://www.naukri.com/recruiters/profile/meghanagari-261117?xz=0_0_7",Gurgaon,  Not disclosed 
R Systems International Ltd.,13-18 yrs,Experience of handling high frequency streaming data for real time analysis and reporting;Experience ...,Lead Data Scientist,"data analytics, predictive modeling, python, r programming...","https://www.naukri.com/recruiters/profile/pawanmehta-163669?xz=0_0_7,https://www.naukri.com/recruiters/profile/pawanmehta-163669?xz=0_0_7",Noida,  Not disclosed 
Bean HR Consulting,5-10 yrs,Good planning and organizational skills;Should have good presentation/ display skills;Good communication ...,Manager CRM || Gurgaon,"business intelligence, data analytics, CRM, Planning",,Delhi NCR,  Not disclosed 
Live connections,2-6 yrs,,Immediate Job Opening for Data Analytics @ MNC,"data analytics, sql, R, PYTHON, Machine Learning",,"Bengaluru, Hyderabad, Mumbai, Delhi NCR","    1,25,000 - 6,25,000 P.A.  "
NIKOS CONSULTING PRIVATE LIMITED,8-11 yrs,"- 8-11 years in quantitative analysis experience, including building AI/ML models;- Front end client ...",Manager - Human Capital Analytics/ Talent Analytics - Consulting Firm,"NLP, Neural Networks, Machine Learning, Data Mining...","https://www.naukri.com/recruiters/profile/roopshreepandey-1110587?xz=0_0_7,https://www.naukri.com/recruiters/profile/roopshreepandey-1110587?xz=0_0_7","Bengaluru, Gurgaon, Gurugram",  Not disclosed 
Nacre Outsourcing,5-10 yrs,- Proven working experience as a data analyst or business data analyst;- Knowledge of statistics and ...,SAS Model Developer - Analytics Consulting Firm,"Excel, SQL, Data Analysis, Segmentation, SAS, Data Mining, SPSS...",,"Gurgaon, Noida",  Not disclosed 
SLA Consultants India,0-5 yrs,,"Data Analyst / Data Science - Excel,sql,sas,python, R - Analytics Team","data analyst, reporting analyst, sas, statistics, sas programmer...","https://www.naukri.com/recruiters/profile/bhanu-1128669?xz=0_0_7,https://www.naukri.com/recruiters/profile/bhanu-1128669?xz=0_0_7","Delhi NCR, Gurgaon, Noida","    2,00,000 - 4,25,000 P.A.  "
Premium,8-10 yrs,- You should be able to build a custom Function Module with medium complexity program logic;- As a ...,Hadoop/big Data Consultant - Splunk,"Data Analytics, Big Data, Analytics, Analytics Big Data",,"Delhi NCR, Noida",  Not disclosed 
RailYatri-Startup,3-6 yrs,"Must Have Tools : R, MySQL, ExcelGood to Have Tools : Python, MongoDB, Apache SparkWork Experience : 3-6 ...",Senior Data Scientist - Iit/nit/iim/isb,"R, Python, Data Science, MySQL, MongoDB, SQL, Apache, Data Analytics...",,Noida,  Not disclosed 
"OYO Rooms, Oravel Stays Private Limited",1-6 yrs,  Data collection mechanisms and hygiene  Creating and maintaining dashboards for ...,Analyst,"Data Collection, Process Implementation, Business Generation...","https://www.naukri.com/recruiters/profile/pratibhajangir-3834852?xz=0_0_7,https://www.naukri.com/recruiters/profile/pratibhajangir-3834852?xz=0_0_7",Gurgaon,  Not disclosed 
AIRSEVA INDIA PVT LTD,5-8 yrs, 8 + years top tier analyst or consulting experience in business intelligence or analytics ...,Business Analyst (contractual Role),"Big Data Analytics, Data Science, Macros, VBA, Data Quality, Charts...","https://www.naukri.com/recruiters/profile/uttirnagogia-3793366?xz=0_0_7,https://www.naukri.com/recruiters/profile/uttirnagogia-3793366?xz=0_0_7",Gurgaon,  Not disclosed 
Adaan Digital Solutions Pvt. Ltd.,0-3 yrs,"All the customer e-mails, calls and complaints must be addressed in a timely and effective manner;The ...",Post Sales/ Customer Success Executive,"Outbound, Inbound, Marketing, Advertising, Post Sales, Communication Skills...","https://www.naukri.com/recruiters/profile/SumitaArora-COO?xz=0_0_7,https://www.naukri.com/recruiters/profile/SumitaArora-COO?xz=0_0_7",Delhi NCR,"    1,00,000 - 3,50,000 P.A.  "
Kronos Solutions India Pvt. Ltd.,8-12 yrs,"You should have prior experience recruiting across levels within a multidisciplinary environment;Ideally, ...",Senior Recruiter,"Recruitment, Talent acquisition, Healthcare, Human capital management...",,Noida,  Not disclosed 
,,,,,,,
,,,,,,,
,,,,,,,
Colangels India Pvt. Ltd,2-6 yrs,"- Hands on experience in advance machine learning techniques/problems - Regression, forecasting, ...",Data Scientist & Analytics - Machine Learning/r/python - Startup,"Product Marketing, Machine Learning, Python, R, Marketing Operations...",,"Gurgaon, Gurugram",  Not disclosed 
Dimensions HRD Consultants,6-11 yrs,"- Incumbent must have Operational understanding includes classical regression, statistical methods like ...",Head - Data Science & Analytics - Financial Services,"Data Science, Analytics, Data Mining, Machine Learning, Factor Analysis...",,Noida,  Not disclosed 
AASTHA CONSTRUCTIONS,1-5 yrs,,Data Analyst,"Data Analysis, Data Analytics, Data Collection, data recovery, data backup,...","https://www.naukri.com/recruiters/profile/kalpeshmehta-3830568?xz=0_0_7,https://www.naukri.com/recruiters/profile/kalpeshmehta-3830568?xz=0_0_7","Delhi NCR, Mumbai, Bengaluru, Chennai, Hyderabad, Pune, Kolkata, Ahmedabad, Jaipur","    3,25,000 - 8,25,000 P.A. Best in all the Industry, Medi...  "
HyrEzy Talent Solutions,1-5 yrs,- Experience with building insights using varied/alternate data sources;- Experience with large data ...,Data Scientist/business Analyst,"Data Analytics, Python, Business Analysis, Statistical Analysis...",,Gurgaon,  Not disclosed 
Crowdsource Technologies Pvt Ltd,2-4 yrs,Job Description:  - Work with the team to build and support thesqua.re and all its affiliated ...,Product Manager,"product management, product roadmap, Data Analyst, Data Analytics...","https://www.naukri.com/recruiters/profile/swatirajput-hrmanager-delhi?xz=0_0_7,https://www.naukri.com/recruiters/profile/swatirajput-hrmanager-delhi?xz=0_0_7",Delhi,"    8,00,000 - 9,50,000 P.A.  "
OG SKILLS INDIA PVT LTD,1-4 yrs,,Excellent Opening for Growth Manager - Delhi Location,"area growth manager, area growth assistant manager, Data Analytics...",,"Delhi NCR, Delhi","    2,00,000 - 5,00,000 P.A.  "
Baby Destination,2-6 yrs,"- At least 2-3 years of work experience in data analysis, business intelligence, and analytics reporting ...",Senior Data Research Analyst,"Data Analysis, Data Research, Data Analytics, R, Product Sales, Statistical...",,Delhi(East of Kailash),  Not disclosed 
Decision Point,3-5 yrs,- Exposure to the Indian consumer market dynamics and application of analytics in developing marketing ...,Analytics Consultant - Fmcg/retail/cpg Domain - Iit/nit,"FMCG Sales, Data Analytics, Marketing Analytics, Data Analysis, Statistical...",,"Gurgaon, Delhi NCR",  Not disclosed 
IRIS SOFTWARE Inc,12-18 yrs,"o	Experience with industry-leading business intelligence platforms, including Qlik, Tableau, ...",Business Intelligence Architect - Data and Analytics,"presales, data science, sales consulting, business intelligence, investment...","https://www.naukri.com/recruiters/profile/medhavimisra-3033874?xz=0_0_7,https://www.naukri.com/recruiters/profile/medhavimisra-3033874?xz=0_0_7","Delhi NCR, Noida",  Not disclosed 
IRIS SOFTWARE Inc,15-20 yrs,"o	Experience in writing proposals, coming up with solutions to address customers business needs, ...",Big Data Architect - Data and Analytics,"Hadoop, Java, Data Science, Cloudera, Spark, Hive, Impala, Presales...","https://www.naukri.com/recruiters/profile/medhavimisra-3033874?xz=0_0_7,https://www.naukri.com/recruiters/profile/medhavimisra-3033874?xz=0_0_7","Delhi NCR, Noida",  Not disclosed 
Avizva Solutions Private Ltd,5-9 yrs,"Take measures to effectively analyse, verify and communicate requirement including business, functional, ...",Oppurtunity For Senior Associate System Analyst,"Data Analysis, Data Mining, Data Analytics, Statistical Analysis...","https://www.naukri.com/recruiters/profile/anukampa-3582860?xz=0_0_7,https://www.naukri.com/recruiters/profile/anukampa-3582860?xz=0_0_7",Gurgaon(Cyber City),  Not disclosed 
Vichara Technology (India) Private Limited,6-10 yrs,,Vlens Developer,"WPF, Winforms, SQL, Data Management, Amazon Ec2, Amazon Redshift, lambda...","https://www.naukri.com/recruiters/profile/mrvineetsamson-32603?xz=0_0_7,https://www.naukri.com/recruiters/profile/mrvineetsamson-32603?xz=0_0_7",Delhi NCR,"    10,00,000 - 20,00,000 P.A.  "
TransOrg Analytics,1-4 yrs,- Experience developing workbooks from multiple data sources using data blending;- Experience in ...,Data Analyst,"Data Analyst, Analytics, Data Analytics, Data Management...","https://www.naukri.com/recruiters/profile/swativerma-3730096?xz=0_0_7,https://www.naukri.com/recruiters/profile/swativerma-3730096?xz=0_0_7","Mumbai, Gurgaon",  Not disclosed 
NISG ( National Institute of Smart Government),4-9 yrs,Experience in data mining techniques;Experience	4+ years/ or MBA / Masters with 2+ years of relevant ...,Data Analyst - Ministry of Rural Development - New Delhi,"data analysis, data mining, data analytics, r, statistics, Python...","https://www.naukri.com/recruiters/profile/shunalimoza-3216628?xz=0_0_7,https://www.naukri.com/recruiters/profile/shunalimoza-3216628?xz=0_0_7",Delhi NCR,  Not disclosed 
INMORPHIS SERVICES PRIVATE LIMITED,2-5 yrs,Should have 3+ years creating predictive models using advance machine learning techniques;Strong ...,Analyst /senior Analyst-data Science,"predictive analytics, predictive modeling, logistic regression...","https://www.naukri.com/recruiters/profile/humanresources-3373740?xz=0_0_7,https://www.naukri.com/recruiters/profile/humanresources-3373740?xz=0_0_7",Noida,  Not disclosed 
Fireball Securitas and Consultants Pvt Ltd,1-4 yrs,Experienced & Responsible for all reports as per the requirement by the management;Proficient in ...,CRM Executive,"Excel, Charts, Lookup, Data Analysis, MIS Reporting, Macros, Pivot Table...",,Delhi NCR,  Not disclosed 
BT Global Business Services Pvt Ltd,6-8 yrs,- Experience of handling complex and difficult situations with thought and confidence; role models ...,Senior Finance Leader - FSSC Procure to Pay,"accounting standards, finance, accounts payable, p2p...",,Gurgaon,  Not disclosed 
Constalytics,10-20 yrs,,Data and Analytics Lead,"Data Analysis, Data Analytics, Data Architecture, Reporting Tools, ERP, SAP...",,Delhi NCR,"    25,00,000 - 30,00,000 P.A.  "
Brainsearch Consulting Pvt Ltd.,15-18 yrs,"- Experience working with modern web technologies;- Experience architecting and developing high-volume, ...",Technical Architect - .net/ C#,"C#, Design Patterns, UML, .Net, OOAD, Software Architecture, C#.Net...",,"Gurgaon, Noida",  Not disclosed 
Accenture,2-6 yrs,Knowledge Advisor should be able to architect knowledge management and delivery strategy for the ...,CN - Strategy - Knowledge Advisor F&EP - 7,"Presales, Consulting, Change management, Content management...",,Gurgaon,  Not disclosed 
Accenture,2-5 yrs,"Role : Application DeveloperRole Description : Design,  build and configure applications to meet ...",Application Developer,"XML, Virtualization, Business process, Outsourcing, Operations...",,Gurgaon,  Not disclosed 
Accenture,2-5 yrs,Accenture Technology powers our clients businesses with innovative technologies established and emerging ...,Application Developer,"SQL, XML, JSON, Business process, Solution architecture, Outsourcing...",,Gurgaon,  Not disclosed 
Outgrow Consulting,8-10 yrs,8-10 years of experience preferably in HRIS/ IT/ HR in cross cultural environment;- Must Have: 4-5 years ...,AM / DM -taleo Recruitment,"HR, Performance Appraisal, HRIS, Recruitment, Taleo, Oracle Support, SQL...",,Noida,  Not disclosed 
INDO FRENCH CHAMBER OF COMMERCE AND INDUSTRY,2-4 yrs,"To ensure our development, we are looking for a Project / Support Engineer specialized in renewable ...",Project Support Engineer in Renewable Energies,"Remote Support, Remote Support Engineer, remote support analyst...","https://www.naukri.com/recruiters/profile/ifcci-3316718?xz=0_0_7,https://www.naukri.com/recruiters/profile/ifcci-3316718?xz=0_0_7",Delhi NCR,"    3,00,000 - 8,00,000 P.A.  "
Decision Point,4-8 yrs,The position required for an individual to manage Decision Points client engagement end to end which ...,Senior Analytics Consultant,"team management, excel powerpoint, data analytics, client engagement...",,Gurgaon,  Not disclosed 
Megma Services,2-5 yrs,- Years of experience : 2- 4 years;- Manage Account resources where required to assist with account ...,Manager - Client Service & Brand Communication - Advertising/pr Firm,"advertising, finance, client servicing, loyalty programs...",,Delhi,  Not disclosed 
Client of Contactx Resource Management Pvt. Ltd.,3-8 yrs,"Experience in any web-framework, micro services, REST APIs, highly scalable databases;Hands on ...",Senior Software Engineer-pritampura -delhi,"C, C++, Software Engineering, Python, Product Design, Programming...","https://www.naukri.com/recruiters/profile/consultant-2592?xz=0_0_7,https://www.naukri.com/recruiters/profile/consultant-2592?xz=0_0_7","Delhi NCR, Delhi","    3,00,000 - 8,00,000 P.A.  "
Fiserv India Pvt Ltd,2-5 yrs,"Sound experience on data analytic tools such as SAS  , ...","Risk Assurance ,  Supervisor","Supervisor, Auditing, Monitoring, Analytical, Operations, Vulnerability...",,Noida,  Not disclosed 
Neufvasi Digital Solutions Private Limited,1-3 yrs,We are hiring Account Managers with Bachelors/Masters engineering degree from a premier institute for ...,Account Manager - IIT/ NIT/ BITS,"Account Management, Client Satisfaction, Energy Efficiency...","https://www.naukri.com/recruiters/profile/bharatparmar-988664?xz=0_0_7,https://www.naukri.com/recruiters/profile/bharatparmar-988664?xz=0_0_7","Mumbai, Gurgaon",  Not disclosed 
Coalition India,0-5 yrs,Successfully completing Google AdWords Certification if not already ...,SEM Analyst /PPC Manager - Remote,"Wordpress, Jquery, css, analytics, market research, data analytics, SEO","https://www.naukri.com/recruiters/profile/amandeep-1789156?xz=0_0_7,https://www.naukri.com/recruiters/profile/amandeep-1789156?xz=0_0_7","Delhi NCR, Amritsar, Chandigarh, Delhi, Gurgaon",  Not disclosed 
RMS Risk Mangement Solutions India Pvt Ltd,7-12 yrs,"6-8 years relevant experience in risk analytics for P&C insurance, reinsurance, or insurance linked ...",Lead Data Analyst - CAT Modelling,"risk management, data analytics, excel, data interpretation, risk analytics...","https://www.naukri.com/recruiters/profile/abhimanyusaini-1140579?xz=0_0_7,https://www.naukri.com/recruiters/profile/abhimanyusaini-1140579?xz=0_0_7",Noida,  Not disclosed 
Coalition India,0-5 yrs,After successfully completing the initial training period you should also be able to perform technical ...,SEO Analyst - Remote,"Wordpress, Jquery, css, analytics, market research, data analytics, SEO","https://www.naukri.com/recruiters/profile/amandeep-1789156?xz=0_0_7,https://www.naukri.com/recruiters/profile/amandeep-1789156?xz=0_0_7","Mumbai, Bengaluru, Amritsar, Chandigarh, Delhi",  Not disclosed 
,,,,,,,
FIL India Business and Research Services Private  Limited,5-7 yrs,Exposure to structured software development methodology (preferably Agile or Iterative development ...,Senior Business Analyst - DARS,"reference data, market data, fixed income derivatives, business analysis...",,Gurgaon,  Not disclosed 
Decision Point,4-7 yrs,The position required for an individual to manage Decision Points client engagement end to end which ...,Senior Analytics Consultant,"sales, marketing, team management, excel powerpoint, data analytics, client...",,Gurgaon,  Not disclosed 
Decision Point,2-4 yrs,The position required for an individual to manage Decision Points client engagement end to end which ...,Senior Business Analyst - FMCG Sector - Iit/nit,"sales, business analysis, marketing, data analytics, excel powerpoint, team...",,"Delhi NCR, Gurgaon",  Not disclosed 
COMPUTER POWER GROUP PRIVATE LIMITED,7-10 yrs,Industry experience in building and operationalizing various machine and deep learning models in finance/ ...,ETL Lead & Data Science,"SQL, Data Analysis, Text Mining, SAS, R, Statistical Modeling...",,"Chennai, Bengaluru, Mumbai, Pune, Noida","    10,00,000 - 15,00,000 P.A.  "
Karvy Analytics,2-4 yrs,The Data Scientist with 2+ years of experience will be responsible for designing and implementing ...,Data Scientist | Delhi - NCR,"data mining, data analysis, machine learning, analytics, statistics...","https://www.naukri.com/recruiters/profile/amitabhranjan?xz=0_0_7,https://www.naukri.com/recruiters/profile/amitabhranjan?xz=0_0_7",Delhi NCR,  Not disclosed 
HyrEzy Talent Solutions,2-5 yrs,"Understanding of IBM Watson is added advantage, Experience with machine learning algorithms and data ...","Data Scientist - NLP, Machine Learning","Deep Learning, Natural Language Processing, Information Retrieval, NLP...",,Noida,  Not disclosed 
Shahi Exports Pvt Ltd.,15-20 yrs,,Senior Business Analyst with 15 Yrs. Exp. - Shahi Exoprts Pvt. Ltd.,"Marketing, Market Research, Sales, Opportunity Identification...","https://www.naukri.com/recruiters/profile/promilarawat-1464802?xz=0_0_7,https://www.naukri.com/recruiters/profile/promilarawat-1464802?xz=0_0_7",Faridabad,"    50,00,000 - 60,00,000 P.A.  "
,,,,,,,
,,,,,,,
HuQuo,2-4 yrs,- Works with the business interpreter (Head Six Sigma Projects) to fully understand the business problem ...,Data Scientist - Process Excellence & Analytics,"deep learning, data science, predictive analytics, machine learning...","https://www.naukri.com/recruiters/profile/janardhan-3025494?xz=0_0_7,https://www.naukri.com/recruiters/profile/janardhan-3025494?xz=0_0_7",Noida,  Not disclosed 
DMI Innovations Pvt. Ltd,5-7 yrs,These initiatives and programs are expected to contribute heavily towards scale and growth of the ...,Excited to work with us as a Business Operations Analyst,"Project Management, Data Analysis, Solutioning, Data Mining, Analytics...","https://www.naukri.com/recruiters/profile/harindersingh-1416686?xz=0_0_7,https://www.naukri.com/recruiters/profile/harindersingh-1416686?xz=0_0_7",Noida,"    10,00,000 - 18,00,000 P.A.  "
TransOrg Analytics,1-4 yrs,- Experience developing workbooks from multiple data sources using data blending;- Experience in ...,Data Analyst,"Predictive Analytics, Data Analysis, Data Mining, Statistical Modeling, R...","https://www.naukri.com/recruiters/profile/swativerma-3730096?xz=0_0_7,https://www.naukri.com/recruiters/profile/swativerma-3730096?xz=0_0_7","Mumbai, Gurgaon",  Not disclosed 
ETV BHARAT (A Division of Ushodaya Enterprises Pvt. Ltd.),1-4 yrs,"The Candidate would need to understand the online advertising market and technologies involved, the ...","Executive, Digital Ad Sales","Ad Sales, Digital Sales, Media Sales, Online Advertising, Ad Operations...","https://www.naukri.com/recruiters/profile/rajasekhargottipati-3176282?xz=0_0_7,https://www.naukri.com/recruiters/profile/rajasekhargottipati-3176282?xz=0_0_7",Delhi NCR,  Not disclosed 
Nacre Outsourcing,5-10 yrs,- Proven working experience as a data analyst or business data analyst;- Knowledge of statistics and ...,SAS Model Developer - Analytics Consulting Firm,"Excel, SQL, Data Analysis, Segmentation, SAS, Data Mining, SPSS...",,"Gurgaon, Noida, Gurugram",  Not disclosed 
Toran Global,13-15 yrs,- Team player and good at stakeholder management;- Any certification in Analytics will be an added ...,Program Manager - Analytics - Automobile Firm,"Project Management, Program Management, Predictive Analytics...",,Gurgaon,  Not disclosed 
Toran Global,8-12 yrs,- Team player and good at stakeholder management;- Any certification in Analytics will be an added ...,Program Manager - Analytics,"Project Management, Program Management, Predictive Analytics...",,Gurgaon,  Not disclosed 
Cognizant Technology Solutions India Ltd,2-7 yrs,Minimum of regular 10+3/10+2+3/4 years education pattern with supporting documents;Please find below the ...,Walkin-insight/market Research Specialist in Media Domain-gurgaon,"Market research, Analytics, Media, Consumer Insights...",,Gurgaon,  Not disclosed 
ProProfs.com,0-2 yrs,Should be ready to work in a fast-paced work culture;Must be able to pay attention to the details during ...,"Content Optimization Executive - NSEZ Phase II, Noida","content optimization, google analytics, creative writing, writing, academic...","https://www.naukri.com/recruiters/profile/mollygupta-3285928?xz=0_0_7,https://www.naukri.com/recruiters/profile/mollygupta-3285928?xz=0_0_7",Noida,  Not disclosed 
SoftAge Information Technology Limited,1-3 yrs,Must have knowledge of Search Engine Optimization (SEO) & Social Media Campaigns (SMO) and executing ...,Jr. Digital Marketer,"SEO, Digital Marketing, SMO, SEM, Link Building, Google Analytics...","https://www.naukri.com/recruiters/profile/msruhitatrivedi-1731800?xz=0_0_7,https://www.naukri.com/recruiters/profile/msruhitatrivedi-1731800?xz=0_0_7",Gurgaon,  Not disclosed 
HuQuo,10-12 yrs,- This position must be able to advise and collaborate with business users and subject matter experts to ...,AVP - Cognitive Technologies Architect - Nlp/machine/deep Learning,"Deep Learning, Natural Language Processing, NLP, Machine Learning, Java...","https://www.naukri.com/recruiters/profile/arpanam-2685194?xz=0_0_7,https://www.naukri.com/recruiters/profile/arpanam-2685194?xz=0_0_7","Bengaluru, Gurgaon",  Not disclosed 
VMock,1-5 yrs,Very strong analytical/numerical skills and experience with metric-based decision making (incl;Coding ...,Associate Product Manager - Iit/nit/bits/iim/xlri/fms,"Product Management, Product Strategy, Data Analytics, User Experience...","https://www.naukri.com/recruiters/profile/avneetkaur-3100810?xz=0_0_7,https://www.naukri.com/recruiters/profile/avneetkaur-3100810?xz=0_0_7",Gurgaon,  Not disclosed 
VMock,1-2 yrs,- 0-2 years of work experience in analytics (internships included) as a product analyst;- UG from a top ...,Product Analyst - Analytics - Iit/nit/bits,"Data Analysis, Data Analytics, Excel, Business Intelligence, Web Analytics,...","https://www.naukri.com/recruiters/profile/avneetkaur-3100810?xz=0_0_7,https://www.naukri.com/recruiters/profile/avneetkaur-3100810?xz=0_0_7",Gurgaon,  Not disclosed 
RnF Technologies Pvt Ltd.,5-8 yrs,Experience between 1 - 3 Years can be considered for content writer as we do have open position for that ...,Content Manager,"SEO, Digital Marketing, Search Engine Marketing, Google Analytics, SMO...","https://www.naukri.com/recruiters/profile/ravikumarsingh-3807702?xz=0_0_7,https://www.naukri.com/recruiters/profile/ravikumarsingh-3807702?xz=0_0_7",Noida(Sector-62 Noida),"    5,00,000 - 7,50,000 P.A.  "
Cognizant Technology Solutions India Ltd,3-8 yrs,"o Experience with Adobe Target not required, but consider a huge plus;o Experience with Portal or ...",Cognizant Hiring for AEM Expert,"Adobe Analytics, Google Analytics, Web Services, Web Technologies",,"Bengaluru, Hyderabad, Pune, Chennai, Gurgaon",  Not disclosed 
Radiant Infotech,0-5 yrs,,Business Analyst,"Business Analysis, US Healthcare, Insurance, Change Control...","https://www.naukri.com/recruiters/profile/deepakrawat-3834998?xz=0_0_7,https://www.naukri.com/recruiters/profile/deepakrawat-3834998?xz=0_0_7","Delhi NCR, Mumbai, Bengaluru, Chennai, Hyderabad, Kolkata, Chandigarh, Jaipur, Madurai","    4,00,000 - 9,00,000 P.A. better than your expectations  "
KartRocket,1-3 yrs, Job description Summary :-    BigFoot Retail Solutions has defined what sell-side E ...,Product Analyst - Strategy & Roadmap,"Product Analyst, product strategy, product development, data analytics...",,Delhi,  Not disclosed 
Gartner India Research & Advisory Services Pvt Ltd,5-7 yrs,Analytics thinker with experience deriving business insights from data analytics;2-3 years of data ...,Business Analyst,"business analysis, logistic regression, analytics, data mining...",,Gurgaon,  Not disclosed 
Gartner India Research & Advisory Services Pvt Ltd,2-3 yrs,,Researcher - Client Engagement Plans,"Data Analytics, Client Engagement, Client Servicing, Data Analyst...",,Gurgaon,  Not disclosed 
Nativism Technocrats Private Limited,6-9 yrs, Technical Competencies   SAS/Py ...,Manager-data Science,"&quot ; data analysis"" advance analytics, logistics, regression...",,Delhi NCR,  Not disclosed 
MakeMyTrip (India) Pvt Ltd,2-3 yrs,  Languages Required: R/Python with SQL  Advanced analytics    - Customer ...,Senior Executive/ Assistant Manager - Data Analyst - Online Marketing,"Online Marketing, Web Analytics, SQL, Time Series, Advanced Analytics, Data...","https://www.naukri.com/recruiters/profile/ishakalia-3667872?xz=0_0_7,https://www.naukri.com/recruiters/profile/ishakalia-3667872?xz=0_0_7","Gurgaon, Gurugram",  Not disclosed 
ProProfs.com,4-6 yrs,Required-4-6 Years of working experience in digital marketing (Preferably in IT Company) managing SEO/SEM ...,Digital Marketing Manager,"SEO, Digital Marketing, SEM, SMO, Content Marketing, Web Analytics...","https://www.naukri.com/recruiters/profile/winniefredsoreng-3729392?xz=0_0_7,https://www.naukri.com/recruiters/profile/winniefredsoreng-3729392?xz=0_0_7",Noida,  Not disclosed 
Cvent India Pvt. Ltd.,3-6 yrs,Strong experience on providing predictive modelling solutions to clients;Good understanding of ...,Analyst / Sr. Analyst (data Science),"predictive modeling, predictive analytics, machine learning, data science...",,Gurgaon,  Not disclosed 
RGF Select,3-8 yrs,Preferred candidates from Logistics or e-commerce ...,Manager/ Senior Manager Analytics - Supply Chain Business Process,"Reverse Logistics, Predictive Analytics, Statistical Modeling...",,Delhi NCR,  Not disclosed 
HyrEzy Talent Solutions,1-5 yrs,- Experience with building insights using varied/alternate data sources;- Experience with large data ...,Data Scientist/business Analyst - Fintech,"Data Analytics, Python, Business Analysis, Statistical Analysis...","https://www.naukri.com/recruiters/profile/harshbhardwaj-3240770?xz=0_0_7,https://www.naukri.com/recruiters/profile/harshbhardwaj-3240770?xz=0_0_7",Gurgaon,  Not disclosed 
Decision Point,0-2 yrs,- Exposure to the Indian consumer market dynamics and application of analytics in developing marketing ...,Analytics Consultant - Fmcg/ Retail/ CPG Domain - IIT/ NIT,"FMCG Sales, Data Analytics, Marketing Analytics, Data Analysis, Statistical...",,"Delhi NCR, Gurgaon",  Not disclosed 
Satin Creditcare Network Ltd,2-5 yrs,Should possess extensive knowledge and experience in applying data mining;Good Interpersonal &amp ...,Business Analyst - SCNL,"Business Analysis, Data Modeling, Data Interpretation, Tableau...","https://www.naukri.com/recruiters/profile/satincreditcare-2568914?xz=0_0_7,https://www.naukri.com/recruiters/profile/satincreditcare-2568914?xz=0_0_7",Gurgaon,"    5,00,000 - 9,00,000 P.A. Best in Industry  "
Info Edge India Ltd.,2-5 yrs,Must be able to handle pressure well and work on multiple project simultaneously. ...,Associate Assistant Manager- Operations,"operations management, backend, operations, backend operations...","https://www.naukri.com/recruiters/profile/vartikapathak-3670362?xz=0_0_7,https://www.naukri.com/recruiters/profile/vartikapathak-3670362?xz=0_0_7",Delhi NCR,"    2,75,000 - 5,00,000 P.A.  "
Sandhar Technologies Limited,4-8 yrs,  Key Responsibility Area-   1.Site visit for feasibility study & analysis for New ...,"Manager  - Maintenance for South ( Oragadam , Chennai)","Preventive Maintenance, Electricals, Maintenance Engineering, Power Plant...",,Gurgaon,  Not disclosed 
Wipro Limited,5-8 yrs,,Project Manager Big Data Analytics,"Core Java, Aviation, big data, big data analytics, Senior management...",,Gurgaon,  Not disclosed 
S&P Global Inc.,5-9 yrs,,"Senior-Director-Internal-Audit,-Data-Analytics-and-IT-Audit","Manager Internal Audit, Data analytics, Senior Director, Risk assessment...",,Gurgaon,  Not disclosed 
Jaypee University,2-5 yrs,,Data Analytics (IT) - assistant professor,"Teaching, Educator, Counselor, Mentor, Trainer, Advisor",,Noida,  Not disclosed 
Jaypee University,2-6 yrs,,Data Analytics (IT) - assistant professor (Sr Grade),"Teaching, Educator, Counselor, Mentor, Trainer, Advisor",,Noida,  Not disclosed 
Jaypee University,8-10 yrs,,Data Analytics (IT) - associate professor,"Teaching, Educator, Counselor, Mentor, Trainer, Advisor",,Noida,  Not disclosed 
Jaypee University,12-15 yrs,,Data Analytics (IT) - professor,"Teaching, Educator, Counselor, Mentor, Trainer, Advisor",,Noida,  Not disclosed 
Jaypee University,2-5 yrs,,Data Analytics (CSE) - Assistant Professor,"Teaching, Educator, Counselor, Mentor, Trainer, Advisor",,Noida,  Not disclosed 
Jaypee University,2-6 yrs,,Data Analytics (CSE) - Assistant Professor (Sr Grade),"Teaching, Educator, Counselor, Mentor, Trainer, Advisor",,Noida,  Not disclosed 
Jaypee University,8-10 yrs,,Data Analytics (CSE) - Associate Professor,"Teaching, Educator, Counselor, Mentor, Trainer, Advisor",,Noida,  Not disclosed 
Jaypee University,12-15 yrs,,Data Analytics (CSE) - Professor,"Teaching, Educator, Counselor, Mentor, Trainer, Advisor",,Noida,  Not disclosed 
Augusta Infotech,12-16 yrs,,Head Data Innovation & Analytics Platform,"business intelligence, rdbms, database designproduct engineering, azure...",,Gurgaon,  Not disclosed 
Wipro InfoTech,5-8 yrs,,Project Manager Big Data Analytics,"Project management, Project planning, Operations, big data analytics...",,Delhi,  Not disclosed 
Augusta Infotech,10-15 yrs,,Head - Data Innovation & Analytics Platform,"Service, Business intelligence, Product engineering, Tools, Database design...",,Gurgaon,  Not disclosed 
Detecvision Technologies Pvt. Ltd.,0-3 yrs,,Data Analytics,"Customer Service, Help Desk, Information, Telephony support...",,Delhi,  Not disclosed 
Augusta Infotech,12-16 yrs,,Head Data Innovation & Analytics Platform,"Business intelligence, Database design, Analytics, Product engineering...",,Gurgaon,  Not disclosed 
GBT India Private Limited,2-7 yrs,,Data Analytics Lead,"Recruitment, Workflow management, Customer satisfaction, Data analytics...",,Gurgaon,  Not disclosed 
Adglobal360,2-7 yrs,,DATA ANALYST / SR. DATA ANALYST,"SQL, MySQL, Python, Business intelligence, microsoft, QlikView...",,Gurgaon,  Not disclosed 
Kafal Software,3-6 yrs,"Experience with machine learning algorithms and data mining techniques;Experience with neural networks,de ...",Data Scientist,"Deep Learning, Data Analysis, Data Mining, R, Statistical Modeling...","https://www.naukri.com/recruiters/profile/nikitanarang-3297052?xz=0_0_7,https://www.naukri.com/recruiters/profile/nikitanarang-3297052?xz=0_0_7",Noida,  Not disclosed 
,,,,,,,
,,,,,,,
Bajaj Finserv Lending Ltd,1-4 yrs,,Branch Manager - Credit Operations,"Data analysis, Cash management services, Employee relations...",,Ghaziabad,  Not disclosed 
Bajaj Finserv Lending Ltd,1-5 yrs,,Branch Manager - Credit Operations,"Data analysis, Cash management services, Employee relations...",,Ghaziabad,  Not disclosed 
Bajaj Finserv Lending Ltd,1-4 yrs,,Assistant Manager - Credit Operations,"Data analysis, Cash management services, Employee relations...",,Ghaziabad,  Not disclosed 
CHROME DATA ANALYTICS & MEDIA PRIVATE LIMITED,0-5 yrs,,Hiring for a Real Estate Client (builder),"real estate sales, direct sales, sales, Property Sales Officer...","https://www.naukri.com/recruiters/profile/shruteebora-3357988?xz=0_0_7,https://www.naukri.com/recruiters/profile/shruteebora-3357988?xz=0_0_7",Gurgaon(Palam Vihar),"    1,00,000 - 2,00,000 P.A. 10k+ incentive  "
CHROME DATA ANALYTICS & MEDIA PRIVATE LIMITED,2-6 yrs,,Mean Stack Developer,"mean stack, Angularjs, mongodb, Node.Js, JSON, jQuery, NoSQL, Javascript","https://www.naukri.com/recruiters/profile/gitikasingh-1762062?xz=0_0_7,https://www.naukri.com/recruiters/profile/gitikasingh-1762062?xz=0_0_7",Noida(Sector-125 Noida),"    5,00,000 - 11,00,000 P.A.  "
Thermax Limited,0-2 yrs,Should be able to estimate correct cycle time of fabricated jobs;Experience of fabrication for standard ...,"Expeditor,","Procurement, Vendor Development, Strategic Planning, ASME Codes...","https://www.naukri.com/recruiters/profile/pallavirajput-44842?xz=0_0_7,https://www.naukri.com/recruiters/profile/pallavirajput-44842?xz=0_0_7","Delhi NCR, Mumbai, Bengaluru, Chennai, Hyderabad, Pune, Kolkata, Ahmedabad, Lucknow",  Not disclosed 
Nacre Outsourcing,8-11 yrs,"- Experience in BASE SAS/R/ PYTHON, focus on insurance analytics projects;- Experience in statistical ...",Business Development & Insurance Analytics Role,"Linear Regression, Insurance Analytics, Segmentation, Base SAS, Strategy, R...",,Gurgaon,  Not disclosed 
ICF Consulting India Pvt Ltd,0-2 yrs,0-2 years of prior experience working with modelling languages or the energy sector;Should posses strong ...,Job Opening/contract to Hire/oil & Gas/consulting,"Gas, Oil, Advisory Services, Market Analysis, Modeling, analytics...","https://www.naukri.com/recruiters/profile/gayatriiyer-3295398?xz=0_0_7,https://www.naukri.com/recruiters/profile/gayatriiyer-3295398?xz=0_0_7",Delhi,  Not disclosed 
ICF Consulting India Pvt Ltd,5-8 yrs,5 years of prior experience working with modelling languages or the energy sector;Demonstrated ...,Market Modeler/gas/analytics/senior Associate,"visual basic, fortran, c++, python, sql, economics, data integrity...","https://www.naukri.com/recruiters/profile/gayatriiyer-3295398?xz=0_0_7,https://www.naukri.com/recruiters/profile/gayatriiyer-3295398?xz=0_0_7",Delhi,  Not disclosed 
Paytm Payments Bank Limited,3-7 yrs,3 to 7 years audit experience (post qualification) in the financial service industry;Experience in the ...,"Internal Auditor,","Accounting, Auditing, Finance, Risk Control, Internal Audit...",,Delhi NCR(Sector MU 2 Greater Noida),  Not disclosed 
R Systems International Ltd.,3-5 yrs, - Must have min 3 years of exp in Natural Language Processing.;-  Must have 2 Live projects ...,NLP Expert (natural Language Processing),"NLP, Natural Language Processing, Deep Learning, Machine Learning, Python...","https://www.naukri.com/recruiters/profile/pawanmehta-163669?xz=0_0_7,https://www.naukri.com/recruiters/profile/pawanmehta-163669?xz=0_0_7",Noida(Sector-59 Noida),  Not disclosed 
TO THE NEW,5-9 yrs,Experience of developing and distributing applications via enterprise channels or public app stores ...,Job Opportunity- Android - Lead/ Associate Lead- To THE NEW@ Noida,"Java, Android SDK, JSON, XML, MySQL, Eclipse, Rest, J2Ee, SQLite, SOAP...","https://www.naukri.com/recruiters/profile/sonalchaudhary-627177?xz=0_0_7,https://www.naukri.com/recruiters/profile/sonalchaudhary-627177?xz=0_0_7","Delhi NCR, Noida",  Not disclosed 
Sandhar Technologies Limited,4-8 yrs,  Key Responsibility Area-   1.Site visit for feasibility study & analysis for New ...,Solar Engineer ( Maintenance Incharge -Sr. Engineer ),"Preventive Maintenance, Electricals, Maintenance Engineering, Power Plant...",,Gurgaon,  Not disclosed 
JobsLo Consultants,3-6 yrs,Should have a strong work ethic and positive team attitude; 	3+ years  of experience in ...,Android App Developer,"Backend, Web Technologies, Business Analytics, User Experience...","https://www.naukri.com/recruiters/profile/pushpendrasingh-kanpur?xz=0_0_7,https://www.naukri.com/recruiters/profile/pushpendrasingh-kanpur?xz=0_0_7",Delhi,"    5,00,000 - 10,00,000 P.A.  "
,,,,,,,
Naukri Premium - Employer Services,5-10 yrs,Depending on depth of experience  5-12 years would be the target range;Experience: 	Sales consulting ...,Curriculum Designer,"Sales Consulting, Data Analytics, Data Analysis, Collection Management...","https://www.naukri.com/recruiters/profile/sanaparvez-1612356?xz=0_0_7,https://www.naukri.com/recruiters/profile/sanaparvez-1612356?xz=0_0_7","Delhi NCR, Mumbai, Hyderabad",  Not disclosed 
Naukri Premium - Employer Services,13-23 yrs,Bachelors degree with at least 10 years of experience in IT Auditing and 5+ years of experience in Data ...,Sr. Director - IT Audit and Data Analytics,"Cisa, Auditing, Information Security, IT Audit, Internal Audit...",,Delhi NCR,  Not disclosed 
Naukri Premium - Employer Services,4-9 yrs,"Experience in data analytics, predictive & statistical modeling, strategy, project management, team ...",Data Scientist,"sas, r, data analytics, multivariate analysis, machine learning...",,Noida,  Not disclosed 
Naukri Premium - Employer Services,8-13 yrs,Work Experience: Over all 7 yrs plus work experience  Analytics & Sig Sigma Blend Role ...,Sr. Manager - Quality and Analytics,"Lean Six Sigma, Project Management, KPO, BPO, Certified Black Belt, Quality...",,Delhi NCR,  Not disclosed 
,,,,,,,
HyrEzy Talent Solutions,2-5 yrs,Experience with building insights using varied/alternate data sources;Experience with large data sets ...,Data Scientist / Business Analyst- Fintech Funded by Accel Partners,"Python, R, Lending, Analytics, Hadoop, Spark, SAS, distributed computing...","https://www.naukri.com/recruiters/profile/priyaranjanmishra-3382146?xz=0_0_7,https://www.naukri.com/recruiters/profile/priyaranjanmishra-3382146?xz=0_0_7",Gurgaon,  Not disclosed 
NIKOS CONSULTING PRIVATE LIMITED,8-11 yrs,We are looking for information strategy & data architecture consultants having experience with ...,Manager - Information Strategy & Data Architecture - Consulting Firm,"data governance, data quality, data analytics, data management...","https://www.naukri.com/recruiters/profile/roopshreepandey-1110587?xz=0_0_7,https://www.naukri.com/recruiters/profile/roopshreepandey-1110587?xz=0_0_7","Bengaluru, Gurgaon, Mumbai",  Not disclosed 
HuQuo Consulting Pvt. Ltd.,6-10 yrs,- Desired 2-4 years of relevant experience in Healthcare/ Lifesciences/ Pharmaceutical domain;- Must ...,Manager/ Senior Manager - Advance Analytics,"SAS SQL, Chaid, Logistic Regression, Anova, Excel, R, Time Series...","https://www.naukri.com/recruiters/profile/manoj-2685128?xz=0_0_7,https://www.naukri.com/recruiters/profile/manoj-2685128?xz=0_0_7",Delhi NCR,  Not disclosed 
M/s Gi Human Resources And Services Pvt. Ltd.,4-8 yrs,Note - Only female candidate required ;Good experience in Merger and Acquisition ;Good Communication ...,Deputy Manager - FP&A,"finance, variance analysis, mis reporting, financial reporting, essbase...","https://www.naukri.com/recruiters/profile/binitapatwal-78916?xz=0_0_7,https://www.naukri.com/recruiters/profile/binitapatwal-78916?xz=0_0_7",Gurgaon,  Not disclosed 
M/s Gi Human Resources And Services Pvt. Ltd.,4-7 yrs,1.	Operational financial performance / Controlling: Work with Head FP&A on special M&A ...,Deputy Manager - Fp&a- Gurgaon,"Finance, Variance Analysis, MIS Reporting, Financial Reporting, Essbase...","https://www.naukri.com/recruiters/profile/binitapatwal-78916?xz=0_0_7,https://www.naukri.com/recruiters/profile/binitapatwal-78916?xz=0_0_7",Gurgaon,  Not disclosed 
Mastermind Network,1-6 yrs,,Analyst/senior Analyst - Data Visualization/tableau - Consulting Firm,"Data Visualization, SQL, Tableau, Data Analytics, Data Analysis, Dashboards...",,"Delhi NCR, Bengaluru",  Not disclosed 
RUPEEREDEE (MONEYMITRA IT SOLUTIONS PVT LTD),5-8 yrs,"Experience of managing financial risk in a Bank, Fintech company/overseeing loans portfolio can be a ...",Urgent Opening- Risk Analyst- Gurgaon,"sql, risk management, financial risk, risk analysis, data analytics, sas...","https://www.naukri.com/recruiters/profile/amritadandona-3282424?xz=0_0_7,https://www.naukri.com/recruiters/profile/amritadandona-3282424?xz=0_0_7",Gurgaon,  Not disclosed 
RGF SELECT INDIA PRIVATE LIMITED,1-6 yrs,   Strategy     Creating a roadmap to acquire users for iOS app by defining ...,App Marketing Manager,"Keyword Research, Marketing Management, Campaigns, SEM, Campaign Management...",,Delhi NCR,  Not disclosed 
Naukri Premium - Employer Services,4-9 yrs,"Experience in data analytics, predictive & statistical modeling, strategy, project management, team ...",Data Scientist,"sas, r, data analytics, multivariate analysis, machine learning...",,Noida,  Not disclosed 
Ikon Staffing Solutions Pvt. Ltd.,5-8 yrs,The candidate must have excellent subject understanding to be able to convert conversations to campaign ...,Lead - Programmatic,"Client Solutions, Project Management, Ad Trafficking, Client Management...","https://www.naukri.com/recruiters/profile/mrajitpratapsingh-businessheaddirector?xz=0_0_7,https://www.naukri.com/recruiters/profile/mrajitpratapsingh-businessheaddirector?xz=0_0_7",Gurgaon,"    9,00,000 - 11,00,000 P.A.  "
Impetus Infotech ( India ) Pvt. Ltd.,1-3 yrs,,Java - R&D Engineer,"algorithms, data structures, core java, big data analytics, data processing...","https://www.naukri.com/recruiters/profile/hr-2423398?xz=0_0_7,https://www.naukri.com/recruiters/profile/hr-2423398?xz=0_0_7","Delhi NCR, Bengaluru, Indore, Hyderabad",  Not disclosed 
RANDSTAD INDIA PVT LTD,5-7 yrs,5-7 years of experience;Should understand technology well;Should ideally have a good pedigree;Some ...,Head Delivery-providers,"Project Management, Client Interfacing, Client Management, Data Analytics...",,Delhi NCR,  Not disclosed 
Han Digital Solution (P) Ltd,4-9 yrs,Hands-on experience with one or more web analytics tools such as Omniture SiteCatalyst and debugging ...,Dynamic TAG Manager,"Dynamic TAG Manager, Dynamic TAG, Data Analytics, Digital Analytics...",,Gurgaon,  Not disclosed 
RANDSTAD INDIA PVT LTD,1-5 yrs,MBBS with MD Community medicine/ masters in public health;PHD (Thesis preferably in research domain of ...,Clinical Research Associate,"Clinical Research, Public Health, Data Analytics, clinical analysis...",,Delhi NCR,  Not disclosed 
Crescendo Global Services,6-8 yrs,"End to End solution design including all the aspects like capacity planning, requirement gathering, ...",Senior Big data Engineer.,"Hive, Flume, Hadoop, Sqoop, Hdfs, Pig, Big Data Analytics, Java, Python...","https://www.naukri.com/recruiters/profile/nivranshdevgupta-3717812?xz=0_0_7,https://www.naukri.com/recruiters/profile/nivranshdevgupta-3717812?xz=0_0_7","Bengaluru, Delhi NCR, Gurgaon","    12,00,000 - 17,00,000 P.A.  "
HuQuo Consulting Pvt. Ltd.,1-5 yrs,1-5 years of total experience of Data Analytics / Data Insights Generation;Experience in credit card / ...,Business Analyst - Banking/retail Analytics,"Retail Analytics, Business Analysis, Excel, SAS, Data Analytics, VBA...","https://www.naukri.com/recruiters/profile/manoj-2685128?xz=0_0_7,https://www.naukri.com/recruiters/profile/manoj-2685128?xz=0_0_7","Delhi NCR, Bengaluru, Gurgaon",  Not disclosed 
HuQuo Consulting Pvt. Ltd.,6-10 yrs,- Desired 2-4 years of relevant experience in Healthcare/ Lifesciences/ Pharmaceutical domain;- Must ...,Manager/senior Manager - Advance Analytics - Lifesciences/pharma Domai,"SAS SQL, Chaid, Logistic Regression, Anova, Excel, R, Time Series...","https://www.naukri.com/recruiters/profile/manoj-2685128?xz=0_0_7,https://www.naukri.com/recruiters/profile/manoj-2685128?xz=0_0_7",Delhi NCR,  Not disclosed 
Strategic Talent Partner,12-15 yrs,- Experience with having built strong mobile based business is a must;- Should be a thorough digital ...,Head - Digital Marketing - Ecommerce - Iim/isb.mdi/fms,"SEM, Digital Marketing, SEO, Social Media, Digital Media, Brand Management,...","https://www.naukri.com/recruiters/profile/jamalahmad-3046720?xz=0_0_7,https://www.naukri.com/recruiters/profile/jamalahmad-3046720?xz=0_0_7",Delhi NCR,  Not disclosed 
Lib Cap InfoTech Solutions Pvt Ltd,5-10 yrs,,Tableau Developer,"SQL, Data Warehousing, Business Intelligence, Tableau, Data Analytics, Data...","https://www.naukri.com/recruiters/profile/ranjana-19753?xz=0_0_7,https://www.naukri.com/recruiters/profile/ranjana-19753?xz=0_0_7",Noida,  Not disclosed 
ANRI SOLUTIONS HR SERVICES PVT LTD,2-7 yrs,Experience in End-to-End implementations of any of the two or more BI Reporting and Data Visualization ...,Data Analytics-big4 Organisation- Gurgaon Location,"Predictive Modeling, SAS, Business Analysis, SQL, Data Visualization...",,Gurgaon,  Not disclosed 
Naukri Premium - Employer Services,8-13 yrs,Work Experience: Over all 7 yrs plus work experience  Analytics & Sig Sigma Blend Role ...,Sr. Manager - Quality and Analytics,"Lean Six Sigma, Project Management, KPO, BPO, Certified Black Belt, Quality...",,Delhi NCR,  Not disclosed 
Toran Global,8-13 yrs,Team player and good at stakeholder management;Qualification: B.E/B.Tech/MBA - from reputed institute ...,Program Manager- Analytics,"Project Management, Program Management, Stakeholder Management...",,Gurgaon,  Not disclosed 
M/s Gi Human Resources And Services Pvt. Ltd.,2-7 yrs,"Strong experience in test automation, particularly BDD;Were looking for someone with a minimum of 2/and ...",Am/manager Data Developer (python),"Spark, Big Data, SCALA, Hadoop, Python, Linux, Unix...","https://www.naukri.com/recruiters/profile/megha-79496?xz=0_0_7,https://www.naukri.com/recruiters/profile/megha-79496?xz=0_0_7","Delhi NCR, Delhi, Gurgaon","    8,00,000 - 15,00,000 P.A.  "
ABC Consultants Pvt Ltd,13-23 yrs,"Fast learner, detail oriented and must enjoy fast paced work environments 12 years of experience in ...",Security Big Data Lake Practice Head,"Spark, Java, SCALA, Flume, Hadoop, Big Data Analytics, Cloudera...","https://www.naukri.com/recruiters/profile/freedamary-118027?xz=0_0_7,https://www.naukri.com/recruiters/profile/freedamary-118027?xz=0_0_7","Delhi NCR, Mumbai, Bengaluru, Chennai, Pune","    35,00,000 - 55,00,000 P.A.  "
IDC TECHNOLOGIES SOLUTIONS INDIA PVT LIMITED,8-13 yrs,,Direct Hire || Big Data Analytics,"Hadoop, Hive, Flume, Oozie, Sqoop, Hdfs, Mapreduce, Impala, Java, Spark","https://www.naukri.com/recruiters/profile/shilpasharma-2425370?xz=0_0_7,https://www.naukri.com/recruiters/profile/shilpasharma-2425370?xz=0_0_7","Mumbai, Chennai, Noida","    8,00,000 - 16,00,000 P.A.  "
Fine Jobs Consultant Pvt Ltd,5-10 yrs,,"Tableau Consultant, Noida","SQL, Data Warehousing, Tableau, Data Mining, Data Analytics...",,Noida,  Not disclosed 
Workoid Consultants.,2-7 yrs,,Dm-analytics-insurance Firm-gurgaon,"Data Analytics, Business Intelligence, SAS, Bi, insurance, analytics","https://www.naukri.com/recruiters/profile/ruchikaworkoid?xz=0_0_7,https://www.naukri.com/recruiters/profile/ruchikaworkoid?xz=0_0_7",Gurgaon,"    8,00,000 - 12,00,000 P.A.  "
New Recruits Consultant,2-7 yrs,,"Mis-ca Inter, Okhla Phase2, 5+years, upto 5lacs, Male , Manufacturing","manufacturing, mba, diploma, pgdm, kalkaji, south delhi, lajpat nagar...",,Delhi(Okhla),"    2,50,000 - 5,00,000 P.A.  "
New Recruits Consultant,1-6 yrs,,"Sales Coordinator-male, 1+years, 15k, Noida sec 5","manufacturing, Sales Coordination, sales support, sales analyst...",,Noida(Sector-5 Noida),"    1,00,000 - 2,50,000 P.A.  "
The Placer,15-18 yrs,,Manager / Sr. Manager ( Data Mart / Data Warehouse Designer),"Data Warehousing, ETL, DW, Bi, Big Data, SAP BO, Data Analytics, Data Mart,...","https://www.naukri.com/recruiters/profile/manojdubey-743001?xz=0_0_7,https://www.naukri.com/recruiters/profile/manojdubey-743001?xz=0_0_7",Delhi NCR,"    15,00,000 - 19,00,000 P.A.  "
The Big Y Enablers consulting Pvt. Ltd.,12-22 yrs,,DGM/ GM Analytics,"dgm, gm, project delivery, analytics, data analytics, r, tableau, power bi,...","https://www.naukri.com/recruiters/profile/bigyenablers-3471040?xz=0_0_7,https://www.naukri.com/recruiters/profile/bigyenablers-3471040?xz=0_0_7","Delhi NCR, Gurgaon","    15,00,000 - 25,00,000 P.A.  "
JOBS EXPERT PRIVATE LIMITED,8-13 yrs,,"Analytics Manager- R, SAS & Tableau","SAS, R, Tableau, Analytics, Data Analytics, Analytics Manager...","https://www.naukri.com/recruiters/profile/simmi-humanresourcesmanager?xz=0_0_7,https://www.naukri.com/recruiters/profile/simmi-humanresourcesmanager?xz=0_0_7",Gurgaon,"    9,50,000 - 14,00,000 P.A. candidates  willing to reloca...  "
Fortune HR Consultants,5-10 yrs,,Manager Bank Project (risk Management),"Risk Management, Banking, Finance, Basel II, Treasury Operations, Financial...",,"Delhi NCR, Greater Noida, Noida","    17,00,000 - 19,00,000 P.A. Plus Reimbursement and Bonuses  "
Outshine HR Consultant Inc.,6-10 yrs,,Chief Manager - HRM Analytics,"excel, vba, macros, ms access, risk management, risk analysis, spss, sas...","https://www.naukri.com/recruiters/profile/recruiter-3136722?xz=0_0_7,https://www.naukri.com/recruiters/profile/recruiter-3136722?xz=0_0_7",Delhi NCR,"    12,00,000 - 18,00,000 P.A. Plus Variables  "
EYGBS (INDIA) LLP,0-4 yrs,,Data Analytics,"Data Analytics, SAS, SQL, Bi, business intelligence, data warehousing...",,Gurgaon(Cyber City),"    3,00,000 - 6,00,000 P.A.  "
HuQuo,5-8 yrs,"- Strong experience in Data Mapping, Data Reporting;- Should have experience in Banking domain ...",Manager - Data Expert - Banking Domain - Analytics Firm,"Excel, Data Reporting, Information Analysis, Data Mapping, Data Analyst...","https://www.naukri.com/recruiters/profile/arpanam-2685194?xz=0_0_7,https://www.naukri.com/recruiters/profile/arpanam-2685194?xz=0_0_7","Delhi NCR, Gurgaon",  Not disclosed 
,,,,,,,
,,,,,,,
Bharat Insecticides Limited,3-8 yrs,  Job Responsibilities:      To generate MIS related to sales and price ...,Business Analyst to VP ( Sales ),"executive assistant, executive assistant to vice president...","https://www.naukri.com/recruiters/profile/hrteam-3462310?xz=0_0_7,https://www.naukri.com/recruiters/profile/hrteam-3462310?xz=0_0_7",Delhi,  Not disclosed 
EASY DATA ANALYTICS TECHNOLOGY PRIVATE LIMITED,1-4 yrs,Description: 1-4 year experience Building Qlikview/Tableau/Power BI/BIRT Visualization and Analysis with ...,Data Analyst 1-4 Years Noida/singapore,"jquery, java, birt, tableau, qlikview, power bi, Python, SQL, R",,"Noida, Singapore",  Not disclosed 
Fidelity IT Jobs,5-10 yrs,- Must be passionate about writing intelligent algorithms to address complex ...,Sr/principal Engineer - Analytics - Big Data,"Hadoop, NoSQL, Cassandra, Big Data, NLP, MongoDB, Machine Learning...","https://www.naukri.com/recruiters/profile/abhishekkumar-2961108?xz=0_0_7,https://www.naukri.com/recruiters/profile/abhishekkumar-2961108?xz=0_0_7","Delhi NCR, Mumbai, Bengaluru, Chennai",  Not disclosed 
Gartner India Research & Advisory Services Pvt Ltd,9-10 yrs,"Degree with a concentration in statistics, data science, operational research or finance preferred;A ...","Director, ExP Operations","business analytics, service quality, data analysis, quality improvement...",,Gurgaon,  Not disclosed 
CBRE Group,1-2 yrs,,Business Analyst - Data Analytics,"Business Analyst, Analytical, Business strategy, Monitoring...",,"Gurgaon, Delhi",  Not disclosed 
Opinia360,2-6 yrs,,Data Visualizations and Analytics,"Database design, Analytics, Manager Quality Control, Data mining...",,Delhi,  Not disclosed 
OKS Group International Pvt Ltd,1-3 yrs,Should have an entrepreneurial spirit and willingness to work in resource constrained startup ...,Manager - Analytics and Insights,"Database Marketing, Email Marketing, Digital Marketing, Campaign Management...","https://www.naukri.com/recruiters/profile/saugatasarkar-3760968?xz=0_0_7,https://www.naukri.com/recruiters/profile/saugatasarkar-3760968?xz=0_0_7","Delhi NCR, Gurgaon, Noida",  Not disclosed 
Huquo,6-10 yrs,- Candidate should have excellent communication skills to interact with senior clients;- 6+ years of ...,Director - Quant Analytics- Machine Learning & Artificial Intelligence,"Quant Analytics, Analytics, Data Analysis, Sentiment Analysis...","https://www.naukri.com/recruiters/profile/notprovided-2327604?xz=0_0_7,https://www.naukri.com/recruiters/profile/notprovided-2327604?xz=0_0_7","Gurgaon, Gurugram",  Not disclosed 
TransOrg Analytics,1-4 yrs,- Should be able to handle assigned tasks in the capacity of an individual contributor;- Experience with ...,Data Scientist,"R, Predictive Modeling, Logistic Regression, Predictive Analytics...","https://www.naukri.com/recruiters/profile/swativerma-3730096?xz=0_0_7,https://www.naukri.com/recruiters/profile/swativerma-3730096?xz=0_0_7",Gurgaon,  Not disclosed 
COMPUTER POWER GROUP PRIVATE LIMITED,7-10 yrs,Industry experience in building and operationalizing various machine and deep learning models in finance/ ...,ETL Lead & Data Science,"SQL, Data Analysis, Text Mining, SAS, R, Statistical Modeling...","https://www.naukri.com/recruiters/profile/rashmikham-2326066?xz=0_0_7,https://www.naukri.com/recruiters/profile/rashmikham-2326066?xz=0_0_7","Mumbai, Bengaluru, Chennai, Pune, Noida",  Not disclosed 
Creative Indians,4-7 yrs,,Data Miner (analytics) - Gurgaon,"Time Series, Analytics, Segmentation, SQL, SPSS, SAS, UNICA, SAS FS...","https://www.naukri.com/recruiters/profile/pooja-3202082?xz=0_0_7,https://www.naukri.com/recruiters/profile/pooja-3202082?xz=0_0_7",Gurgaon,  Not disclosed 
SLA Consultants India,0-0 yrs,,Fresher Analytics ( Hiring for Analyst | Data Research Team )-mnc-kpo,"Analysis, research, analyst, research analyst, research associate, research...","https://www.naukri.com/recruiters/profile/bhanu-1128669?xz=0_0_7,https://www.naukri.com/recruiters/profile/bhanu-1128669?xz=0_0_7","Delhi NCR, Faridabad, Ghaziabad, Greater Noida, Gurgaon, Noida","    2,25,000 - 4,25,000 P.A.  "
Huquo,4-9 yrs,"- Hands on experience in Data modelling and data analytics tools like, SQL, Tableau and R or Python and ...",Manager/ Senior Manager - Analytics - Life & Annuities - Insurance,"Text Mining, R, Machine Learning, SAS, Logistic Regression, SQL...","https://www.naukri.com/recruiters/profile/notprovided-2327604?xz=0_0_7,https://www.naukri.com/recruiters/profile/notprovided-2327604?xz=0_0_7",Gurgaon,  Not disclosed 
Creative Lipi Webtech Private Limited,5-7 yrs,Collaborate with internal teams to create landing pages and optimize user ...,SEO Manager,"SEO, Digital Marketing, Display Advertising, Online Marketing...","https://www.naukri.com/recruiters/profile/mshemlatabhardwaj-146272?xz=0_0_7,https://www.naukri.com/recruiters/profile/mshemlatabhardwaj-146272?xz=0_0_7",Noida,"    3,50,000 - 7,00,000 P.A. no bar for deserving candidate...  "
,,,,,,,
,,,,,,,
